6b274657-2e34-4e6c-88ac-f20935636dc3,GroupJoined,2021-05-13 14:33:27,"{""name"": ""Rapid Reviews Infectious Diseases"", ""slug"": ""rapid-reviews-covid-19"", ""groupId"": ""5142a5bc-6b18-42b1-9a8d-7342d7d17e94"", ""homepage"": ""https://rapidreviewscovid19.mitpress.mit.edu/"", ""avatarPath"": ""/static/images/profile-dark.svg"", ""descriptionPath"": ""rapid-reviews-covid-19--5142a5bc-6b18-42b1-9a8d-7342d7d17e94.md"", ""shortDescription"": ""Rapid Reviews: COVID-19 is an open-access overlay journal that seeks to accelerate peer review of COVID-19-related research and prevent the dissemination of false or misleading scientific news.""}"
f6916a6b-59fc-4c40-809e-021797321fe9,GroupJoined,2020-04-27 09:00:00,"{""name"": ""PREreview"", ""slug"": ""prereview"", ""groupId"": ""10360d97-bf52-4aef-b2fa-2f60d319edd7"", ""homepage"": ""https://prereview.org/"", ""avatarPath"": ""/static/images/profile-dark.svg"", ""descriptionPath"": ""prereview-community--10360d97-bf52-4aef-b2fa-2f60d319edd7.md"", ""shortDescription"": ""PREreview's mission is to bring more diversity to scholarly peer review by supporting and empowering community of researchers, particularly those at early stages of their career (ECRs) to review preprints.""}"
a157b3a0-fd45-4551-a5ea-c0866f4fb178,GroupJoined,2020-08-12 13:53:54,"{""name"": ""PeerJ"", ""slug"": ""peerj"", ""groupId"": ""53ed5364-a016-11ea-bb37-0242ac130002"", ""homepage"": ""https://peerj.com/"", ""avatarPath"": ""/static/images/profile-dark.svg"", ""descriptionPath"": ""peerj--53ed5364-a016-11ea-bb37-0242ac130002.md"", ""shortDescription"": ""PeerJ is an open access publisher of 7 peer-reviewed journals, and an editorial community of over 2000 Academic Editors and Advisors, and tens of thousands of authors and reviewers.""}"
afaa29c1-09e1-4dcc-8b23-047f3c7d4add,GroupJoined,2020-08-12 13:59:29,"{""name"": ""eLife"", ""slug"": ""elife"", ""groupId"": ""b560187e-f2fb-4ff9-a861-a204f3fc0fb0"", ""homepage"": ""https://elifesciences.org/"", ""avatarPath"": ""/static/images/profile-dark.svg"", ""descriptionPath"": ""elife--b560187e-f2fb-4ff9-a861-a204f3fc0fb0.md"", ""shortDescription"": ""eLife reviews selected preprints in all areas of biology and medicine.""}"
3069e440-725e-4871-b1df-a1bc55651644,GroupJoined,2020-08-12 13:59:30,"{""name"": ""Review Commons"", ""slug"": ""review-commons"", ""groupId"": ""316db7d9-88cc-4c26-b386-f067e0f56334"", ""homepage"": ""https://www.reviewcommons.org/"", ""avatarPath"": ""/static/images/profile-dark.svg"", ""descriptionPath"": ""review-commons--316db7d9-88cc-4c26-b386-f067e0f56334.md"", ""shortDescription"": ""Review Commons is a platform for high-quality journal-independent peer-review in the life sciences.""}"
a59104d7-b44f-44c3-add6-13f532e1b5d1,GroupJoined,2020-08-12 13:59:31,"{""name"": ""Peer Community In Zoology"", ""slug"": ""pci-zoology"", ""groupId"": ""74fd66e9-3b90-4b5a-a4ab-5be83db4c5de"", ""homepage"": ""https://zool.peercommunityin.org/"", ""avatarPath"": ""/static/images/profile-dark.svg"", ""descriptionPath"": ""pci-zoology--74fd66e9-3b90-4b5a-a4ab-5be83db4c5de.md"", ""shortDescription"": ""Free and transparent preprint peer-review and recommendation by and for researchers in Zoology.""}"
2f03ffe0-7893-43bd-aaf5-4546ea2edf97,GroupJoined,2020-08-17 12:07:08,"{""name"": ""Peer Community in Evolutionary Biology"", ""slug"": ""pci-evolutionary-biology"", ""groupId"": ""19b7464a-edbe-42e8-b7cc-04d1eb1f7332"", ""homepage"": ""https://evolbiol.peercommunityin.org/"", ""avatarPath"": ""/static/images/profile-dark.svg"", ""descriptionPath"": ""pci-evolutionary-biology--19b7464a-edbe-42e8-b7cc-04d1eb1f7332.md"", ""shortDescription"": ""Free and transparent preprint peer-review and recommendation by and for researchers in Evolutionary Biology.""}"
52401786-9fd9-4295-9514-9552183b75c7,GroupJoined,2020-08-17 12:56:38,"{""name"": ""Peer Community in Ecology"", ""slug"": ""pci-ecology"", ""groupId"": ""32025f28-0506-480e-84a0-b47ef1e92ec5"", ""homepage"": ""https://ecology.peercommunityin.org/"", ""avatarPath"": ""/static/images/profile-dark.svg"", ""descriptionPath"": ""pci-ecology--32025f28-0506-480e-84a0-b47ef1e92ec5.md"", ""shortDescription"": ""Free and transparent preprint peer-review and recommendation by and for researchers in Ecology.""}"
9797f4af-765f-4444-9397-ff8c7df76174,GroupJoined,2020-08-17 12:56:39,"{""name"": ""Peer Community in Animal Science"", ""slug"": ""pci-animal-science"", ""groupId"": ""4eebcec9-a4bb-44e1-bde3-2ae11e65daaa"", ""homepage"": ""https://animsci.peercommunityin.org/"", ""avatarPath"": ""/static/images/profile-dark.svg"", ""descriptionPath"": ""pci-animal-science--4eebcec9-a4bb-44e1-bde3-2ae11e65daaa.md"", ""shortDescription"": ""Free and transparent preprint peer-review and recommendation by and for researchers in Animal Science.""}"
f34a27a1-7a8e-4689-95e2-41e09a8f24fc,GroupJoined,2020-08-17 12:56:40,"{""name"": ""Peer Community in Paleontology"", ""slug"": ""pci-paleontology"", ""groupId"": ""7a9e97d1-c1fe-4ac2-9572-4ecfe28f9f84"", ""homepage"": ""https://paleo.peercommunityin.org/"", ""avatarPath"": ""/static/images/profile-dark.svg"", ""descriptionPath"": ""pci-paleontology--7a9e97d1-c1fe-4ac2-9572-4ecfe28f9f84.md"", ""shortDescription"": ""Free and transparent preprint peer-review and recommendation by and for researchers in Paleontology.""}"
680ce216-d236-4584-8fae-a4d0893d575d,GroupJoined,2020-11-20 09:00:00,"{""name"": ""ScreenIT"", ""slug"": ""screenit"", ""groupId"": ""8ccea9c2-e6c8-4dd7-bf1d-37c3fa86ff65"", ""homepage"": ""https://sciscore.com/"", ""avatarPath"": ""/static/images/profile-dark.svg"", ""descriptionPath"": ""screenit--8ccea9c2-e6c8-4dd7-bf1d-37c3fa86ff65.md"", ""shortDescription"": ""The Automated Screening Working Groups is a group of software engineers and biologists passionate about improving scientific manuscripts on a large scale. Our members have created tools that check for common problems in scientific manuscripts, including information needed to improve transparency and reproducibility. We have combined our tools into a single pipeline, called ScreenIT. We're currently using our tools to screen COVID preprints.""}"
d2121ebd-378c-4d36-9fc1-a74a5aefbf29,GroupJoined,2021-01-05 11:43:07,"{""name"": ""preLights"", ""slug"": ""prelights"", ""groupId"": ""f97bd177-5cb6-4296-8573-078318755bf2"", ""homepage"": ""https://prelights.biologists.com/"", ""avatarPath"": ""/static/images/profile-dark.svg"", ""descriptionPath"": ""prelights--f97bd177-5cb6-4296-8573-078318755bf2.md"", ""shortDescription"": ""preLights is a community initiative supported by The Company of Biologists.""}"
a5dedd3e-74c0-4484-a89c-020056fdde2c,GroupJoined,2021-02-18 10:28:53,"{""name"": ""NCRC"", ""slug"": ""ncrc"", ""groupId"": ""62f9b0d0-8d43-4766-a52a-ce02af61bc6a"", ""homepage"": ""https://ncrc.jhsph.edu/"", ""avatarPath"": ""/static/images/profile-dark.svg"", ""descriptionPath"": ""ncrc--62f9b0d0-8d43-4766-a52a-ce02af61bc6a.md"", ""shortDescription"": ""The 2019 Novel Coronavirus Research Compendium (NCRC) is a centralized, publicly available resource that rapidly curates and reviews the emerging scientific evidence about SARS-CoV-2 and COVID-19. Our goal is to provide accurate, relevant information for global public health action by clinicians, public health practitioners, and policy makers.""}"
642aa98e-4c1e-4258-85fc-f9c55c11be53,GroupJoined,2021-06-29 08:13:14,"{""name"": ""Biophysics Colab"", ""slug"": ""biophysics-colab"", ""groupId"": ""4bbf0c12-629b-4bb8-91d6-974f4df8efb2"", ""homepage"": ""https://biophysics.sciencecolab.org"", ""avatarPath"": ""/static/images/profile-dark.svg"", ""descriptionPath"": ""biophysics-colab--4bbf0c12-629b-4bb8-91d6-974f4df8efb2.md"", ""shortDescription"": ""Biophysics Colab is a collaboration of biophysicists who are working in partnership with eLife to improve the way in which original research is evaluated. We aim to drive forward the principles of open science by providing an equitable, inclusive, and transparent environment for peer review. Our ambition is to facilitate a publishing ecosystem in which the significance of research is recognised independently of publication venue.""}"
fee1586a-a26c-4a94-becc-9f0c8525bfc2,GroupDetailsUpdated,2021-06-29 09:13:14,"{""groupId"": ""4bbf0c12-629b-4bb8-91d6-974f4df8efb2"", ""largeLogoPath"":""/static/images/home-page/biophysics-colab.png""}"
1b34e50e-8c49-42f2-b986-19fb2e0be8a2,GroupJoined,2021-06-29 08:13:15,"{""name"": ""ASAPbio crowd review"", ""slug"": ""asapbio-crowd-review"", ""groupId"": ""50401e46-b764-47b7-8557-6bb35444b7c8"", ""homepage"": ""https://asapbio.org/about-us"", ""avatarPath"": ""/static/images/profile-dark.svg"", ""descriptionPath"": ""asapbio-crowd-review--50401e46-b764-47b7-8557-6bb35444b7c8.md"", ""shortDescription"": ""We promote the productive use of preprints for research dissemination and transparent peer review and feedback on all research outputs.""}"
c6d243d1-c02e-4ebc-8590-d378f2ebfdc3,GroupJoined,2021-06-29 08:13:16,"{""name"": ""Peer Community in Archaeology"", ""slug"": ""pci-archaeology"", ""groupId"": ""b90854bf-795c-42ba-8664-8257b9c68b0c"", ""homepage"": ""https://archaeo.peercommunityin.org/"", ""avatarPath"": ""/static/images/profile-dark.svg"", ""descriptionPath"": ""pci-archaeology--b90854bf-795c-42ba-8664-8257b9c68b0c.md"", ""shortDescription"": ""Free and transparent preprint peer-review and recommendation by and for researchers in Archaeology.""}"
8d536f23-8a88-4b01-9676-2ea39b06d8af,GroupJoined,2021-12-02 10:06:41,"{""name"": ""Peer Community in Neuroscience"", ""slug"": ""pci-neuroscience"", ""groupId"": ""af792cd3-1600-465c-89e5-250c48f793aa"", ""homepage"": ""https://neuro.peercommunityin.org/"", ""avatarPath"": ""/static/images/profile-dark.svg"", ""descriptionPath"": ""pci-neuroscience--af792cd3-1600-465c-89e5-250c48f793aa.md"", ""shortDescription"": ""Free and transparent preprint peer-review and recommendation by and for researchers in Neuroscience.""}"
57353e92-1918-4260-a462-711f19bd1342,GroupJoined,2022-01-20 09:41:00,"{""name"": ""PeerRef"", ""slug"": ""peerref"", ""groupId"": ""b5f31635-d32b-4df9-92a5-0325a1524343"", ""homepage"": ""https://www.peerref.com/"", ""avatarPath"": ""/static/images/profile-dark.svg"", ""descriptionPath"": ""peerref--b5f31635-d32b-4df9-92a5-0325a1524343.md"", ""shortDescription"": ""PeerRef is a journal-independent open peer review platform for all research.""}"
0657317d-f6e9-4972-bf9c-051b50fcbbe6,GroupJoined,2022-03-23 09:40:00,"{""name"": ""GigaScience"", ""slug"": ""gigascience"", ""groupId"": ""d6e1a913-76f8-40dc-9074-8eac033e1bc8"", ""homepage"": ""https://gigasciencejournal.com"", ""avatarPath"": ""/static/images/profile-dark.svg"", ""descriptionPath"": ""gigascience--d6e1a913-76f8-40dc-9074-8eac033e1bc8.md"", ""shortDescription"": ""GigaScience is an open access, open data, open peer-review journal focusing on ‘big data’ research from the life and biomedical sciences.""}"
0574b494-608f-4ecb-beed-170bc3f7adff,GroupJoined,2022-03-24 10:03:00,"{""name"": ""GigaByte"", ""slug"": ""gigabyte"", ""groupId"": ""f7a7aec3-8b1c-4b81-b098-f3f2e4eefe58"", ""homepage"": ""https://gigabytejournal.com/"", ""avatarPath"": ""/static/images/profile-dark.svg"", ""descriptionPath"": ""gigabyte--f7a7aec3-8b1c-4b81-b098-f3f2e4eefe58.md"", ""shortDescription"": ""GigaByte is an open access and open science journal published by GigaScience Press, BGI's Open Access and Open Data Publishing division. As with our sister-journal GigaScience— we publish ALL reusable and shareable research objects, such as data, software tools and workflows, from data-driven research.""}"
961bca44-f365-4bed-a140-e44d09efc8d5,GroupJoined,2022-08-17 13:43:00,"{""name"": ""Arcadia Science"", ""slug"": ""arcadia-science"", ""groupId"": ""bc1f956b-12e8-4f5c-aadc-70f91347bd18"", ""homepage"": ""https://www.arcadiascience.com"", ""avatarPath"": ""/static/images/profile-dark.svg"", ""descriptionPath"": ""arcadia-science--bc1f956b-12e8-4f5c-aadc-70f91347bd18.md"", ""shortDescription"": ""Arcadia Science is a research and development company pursuing emerging organisms and innovating in research, commercialization, and open scientific communication.""}"
f429a6b2-0538-4204-b4f4-74388f189b35,GroupJoined,2022-09-29 10:23:14,"{""name"": ""ASAPbio-SciELO Preprint crowd review"", ""slug"": ""asapbio-scielo-preprint-crowd-review"", ""groupId"": ""36fbf532-ed07-4573-87fd-b0e22ee49827"", ""homepage"": ""https://asapbio.org/crowd-preprint-review"", ""avatarPath"": ""/static/images/profile-dark.svg"", ""descriptionPath"": ""asapbio-scielo-preprint-crowd-review.md"", ""shortDescription"": ""O ASAPbio promove o uso produtivo de preprints para divulgação da pesquisa e avaliação por pares transparente e feedback sobre todos os resultados da pesquisa. SciELO Preprints é um servidor de preprints multilingue e multi-disciplinar gerenciado pelo Programa SciELO.""}"
eb2ba58e-9e11-42c9-a6fe-299389439e53,UserCreatedAccount,2023-01-06 15:49:12.229,"{""handle"": ""BiophysicsColab"", ""userId"": ""1384541806231175172"", ""avatarUrl"": ""/static/images/sciety-logo.jpg"", ""displayName"": ""Biophysics Colab""}"
37be9896-20e6-463d-be3f-4b18dda8ea8a,UserCreatedAccount,2022-12-05 10:46:57.531,"{""handle"": ""AvasthiReading"", ""userId"": ""1412019815619911685"", ""avatarUrl"": ""/static/images/sciety-logo.jpg"", ""displayName"": ""Prachee Avasthi Recommended Reading""}"
1ff44b44-6d87-4e08-b19c-70a8421bd098,UserCreatedAccount,2023-01-06 15:49:12.345,"{""handle"": ""LSE_Angela"", ""userId"": ""991777251543793665"", ""avatarUrl"": ""/static/images/sciety-logo.jpg"", ""displayName"": ""Dr. Angela Andersen""}"
b0f4d4aa-cd6b-4130-a735-590ffd0d6e55,ListCreated,2020-04-27 10:00:00,"{""name"": ""Evaluated articles"", ""listId"": ""5c2e4b99-f5f0-4145-8c87-cadd7a41a1b1"", ""ownerId"": ""group-id:10360d97-bf52-4aef-b2fa-2f60d319edd7"", ""description"": ""Articles that have been evaluated by PREreview.""}"
afdf76f7-e54b-4abb-b15b-0ea3b2e3f4eb,ListCreated,2020-08-12 13:53:55,"{""name"": ""Evaluated articles"", ""listId"": ""f981342c-bf38-4dc8-9569-acda5878c07b"", ""ownerId"": ""group-id:53ed5364-a016-11ea-bb37-0242ac130002"", ""description"": ""Articles that have been evaluated by PeerJ.""}"
dd01309f-7bbe-4bf4-8cfa-863d74a9350c,ListCreated,2020-08-12 13:59:30,"{""name"": ""Evaluated articles"", ""listId"": ""f1561c0f-d247-4e03-934d-52ad9e0aed2f"", ""ownerId"": ""group-id:b560187e-f2fb-4ff9-a861-a204f3fc0fb0"", ""description"": ""Articles that have been evaluated by eLife.""}"
8f21693a-1753-4cfc-9ae9-08a9b6d59189,ListCreated,2020-08-12 13:59:31,"{""name"": ""Evaluated articles"", ""listId"": ""f3dbc188-e891-4586-b267-c99cf3b3808e"", ""ownerId"": ""group-id:316db7d9-88cc-4c26-b386-f067e0f56334"", ""description"": ""Articles that have been evaluated by Review Commons.""}"
7aed726a-38cc-4fc6-bdc6-ddffee121997,ListCreated,2020-08-12 13:59:32,"{""name"": ""Evaluated articles"", ""listId"": ""a4d57b30-b41c-4c9d-81f0-dccd4cd1d099"", ""ownerId"": ""group-id:74fd66e9-3b90-4b5a-a4ab-5be83db4c5de"", ""description"": ""Articles that have been evaluated by Peer Community In Zoology.""}"
d631d806-dfba-4d74-8333-b406b9aa6317,ListCreated,2020-08-17 12:07:09,"{""name"": ""Evaluated articles"", ""listId"": ""3d69f9e5-6fd2-4266-9cf8-c069bca79617"", ""ownerId"": ""group-id:19b7464a-edbe-42e8-b7cc-04d1eb1f7332"", ""description"": ""Articles that have been evaluated by Peer Community in Evolutionary Biology.""}"
5739a8c5-82a4-40be-b62e-10b90a3c4648,ListCreated,2020-08-17 12:56:39,"{""name"": ""Evaluated articles"", ""listId"": ""65f661e6-73f9-43e9-9ae6-a84635afb79a"", ""ownerId"": ""group-id:32025f28-0506-480e-84a0-b47ef1e92ec5"", ""description"": ""Articles that have been evaluated by Peer Community in Ecology.""}"
5027341e-b559-4fe4-aa82-cb404fcfc58e,ListCreated,2020-08-17 12:56:40,"{""name"": ""Evaluated articles"", ""listId"": ""e764d90c-ffea-4b0e-a63e-d2b5236aa1ed"", ""ownerId"": ""group-id:4eebcec9-a4bb-44e1-bde3-2ae11e65daaa"", ""description"": ""Articles that have been evaluated by Peer Community in Animal Science.""}"
049769e5-13ee-47e2-933a-1b7341676c2e,ListCreated,2020-08-17 12:56:41,"{""name"": ""Evaluated articles"", ""listId"": ""dd9d166f-6d25-432c-a60f-6df33ca86897"", ""ownerId"": ""group-id:7a9e97d1-c1fe-4ac2-9572-4ecfe28f9f84"", ""description"": ""Articles that have been evaluated by Peer Community in Paleontology.""}"
974a3190-6543-4c03-a0c1-955be6395981,ListCreated,2020-11-20 10:00:00,"{""name"": ""Evaluated articles"", ""listId"": ""e9606e0e-8fdb-4336-a24a-cc6547d7d950"", ""ownerId"": ""group-id:8ccea9c2-e6c8-4dd7-bf1d-37c3fa86ff65"", ""description"": ""Articles that have been evaluated by ScreenIT.""}"
aef15576-8f6c-41f1-a3c7-4c057bd90c86,ListCreated,2021-01-05 11:43:08,"{""name"": ""Evaluated articles"", ""listId"": ""f4b96b8b-db49-4b41-9c5b-28d66a83cd70"", ""ownerId"": ""group-id:f97bd177-5cb6-4296-8573-078318755bf2"", ""description"": ""Articles that have been evaluated by preLights.""}"
84bf45a3-0b1e-4a8b-a685-0a63c21acca9,ListCreated,2021-02-18 10:28:54,"{""name"": ""Evaluated articles"", ""listId"": ""4654fd6e-cb00-458f-967b-348b41804927"", ""ownerId"": ""group-id:62f9b0d0-8d43-4766-a52a-ce02af61bc6a"", ""description"": ""Articles that have been evaluated by NCRC.""}"
5b2d7342-1155-4c04-ac12-b5b6545a9ea6,ListCreated,2021-06-29 08:13:15,"{""name"": ""Evaluated articles"", ""listId"": ""ee7e738a-a1f1-465b-807c-132d273ca952"", ""ownerId"": ""group-id:4bbf0c12-629b-4bb8-91d6-974f4df8efb2"", ""description"": ""Articles that have been evaluated by Biophysics Colab.""}"
07220dbc-33db-4702-98fa-40b2863495ee,ListCreated,2021-06-29 08:13:16,"{""name"": ""Evaluated articles"", ""listId"": ""dc83aa3b-1691-4356-b697-4257d31a27dc"", ""ownerId"": ""group-id:50401e46-b764-47b7-8557-6bb35444b7c8"", ""description"": ""Articles that have been evaluated by ASAPbio crowd review.""}"
d0a0f092-ddfd-46f0-8ccd-b69a1d252084,ListCreated,2021-06-29 08:13:17,"{""name"": ""Evaluated articles"", ""listId"": ""24a60cf9-5f45-43f2-beaf-04139e6f0a0e"", ""ownerId"": ""group-id:b90854bf-795c-42ba-8664-8257b9c68b0c"", ""description"": ""Articles that have been evaluated by Peer Community in Archaeology.""}"
895a2d62-8c9d-492e-86d7-b244377c9103,ListCreated,2021-11-22 15:09:00,"{""name"": ""Endorsed articles"", ""listId"": ""5ac3a439-e5c6-4b15-b109-92928a740812"", ""ownerId"": ""group-id:4bbf0c12-629b-4bb8-91d6-974f4df8efb2"", ""description"": ""Articles that have been endorsed by Biophysics Colab.""}"
45808b66-7a47-4112-a212-7b10aebfca2b,ListCreated,2021-11-24 00:00:00,"{""name"": ""High interest articles"", ""listId"": ""cbd478fe-3ff7-4125-ac9f-c94ff52ae0f7"", ""ownerId"": ""group-id:62f9b0d0-8d43-4766-a52a-ce02af61bc6a"", ""description"": ""Articles that have been identified as high interest by NCRC editors.""}"
abd1fe9e-8fb8-4f81-ab69-63b402c29410,ListCreated,2021-12-02 10:28:00,"{""name"": ""Evaluated articles"", ""listId"": ""f2ce72ba-a982-4156-ab34-4a536bd86cb7"", ""ownerId"": ""group-id:af792cd3-1600-465c-89e5-250c48f793aa"", ""description"": ""Articles that have been evaluated by Peer Community in Neuroscience.""}"
7badc744-21ec-4e54-a6e4-17aacbdc6078,ListCreated,2022-01-20 09:41:01,"{""name"": ""Evaluated articles"", ""listId"": ""c5cf299c-2097-4f3d-b362-2475d7bd35cd"", ""ownerId"": ""group-id:b5f31635-d32b-4df9-92a5-0325a1524343"", ""description"": ""Articles that have been evaluated by PeerRef.""}"
19ddc0ff-dbf1-4c59-820f-c5a6143afd2a,ListCreated,2022-02-01 13:14:00,"{""name"": ""Medicine"", ""listId"": ""c7237468-aac1-4132-9598-06e9ed68f31d"", ""ownerId"": ""group-id:b560187e-f2fb-4ff9-a861-a204f3fc0fb0"", ""description"": ""Medicine articles that have been evaluated by eLife.""}"
a6d2d6f6-d423-4df9-9319-fe5c5ee8cb87,ListCreated,2022-02-09 09:43:00,"{""name"": ""Cell Biology"", ""listId"": ""cb15ef21-944d-44d6-b415-a3d8951e9e8b"", ""ownerId"": ""group-id:b560187e-f2fb-4ff9-a861-a204f3fc0fb0"", ""description"": ""Cell Biology articles that have been evaluated by eLife.""}"
8bd78cbf-6c42-4c64-928b-8671bde739fe,ListCreated,2022-03-03 09:25:00,"{""name"": ""Neuroscience"", ""listId"": ""3253c905-8083-4f3d-9e1f-0a8085e64ee5"", ""ownerId"": ""group-id:b560187e-f2fb-4ff9-a861-a204f3fc0fb0"", ""description"": ""Neuroscience articles that have been evaluated by eLife.""}"
7a3c8c1b-58d5-4fcc-aaf6-f8d052725fc0,ListCreated,2022-03-10 09:10:00,"{""name"": ""Biochemistry and Chemical Biology"", ""listId"": ""3792ee73-6a7d-4c54-b6ee-0abc18cb8bc4"", ""ownerId"": ""group-id:b560187e-f2fb-4ff9-a861-a204f3fc0fb0"", ""description"": ""Biochemistry and Chemical Biology articles that have been evaluated by eLife.""}"
55eff1f6-aa79-4a51-8c8b-fd2cde1656a4,ListCreated,2022-03-11 09:09:00,"{""name"": ""Structural Biology and Molecular Biophysics"", ""listId"": ""a059f20a-366d-4790-b1f2-03bfb9b915b6"", ""ownerId"": ""group-id:b560187e-f2fb-4ff9-a861-a204f3fc0fb0"", ""description"": ""Structural Biology and Molecular Biophysics articles that have been evaluated by eLife.""}"
8c9408b9-cac5-4ecb-8ac3-0751a5551f7d,ListCreated,2022-03-11 10:06:00,"{""name"": ""Computational and Systems Biology"", ""listId"": ""c9efbf2e-8d20-4a9a-b407-c25d185b4939"", ""ownerId"": ""group-id:b560187e-f2fb-4ff9-a861-a204f3fc0fb0"", ""description"": ""Computational and Systems Biology articles that have been evaluated by eLife.""}"
3c597be9-44ab-463d-b3b2-71a70c701166,ListCreated,2022-03-14 10:39:00,"{""name"": ""Bioengineering"", ""listId"": ""b2b55ddd-c0f2-4406-b304-b744af989e72"", ""ownerId"": ""group-id:b560187e-f2fb-4ff9-a861-a204f3fc0fb0"", ""description"": ""Bioengineering articles that have been evaluated by eLife.""}"
5fa97d8d-a251-46a1-9e2e-9ac3af27410f,ListCreated,2022-03-15 09:07:00,"{""name"": ""Cancer Biology"", ""listId"": ""977cec9b-7ff6-4cf5-a487-30f0cc544cdb"", ""ownerId"": ""group-id:b560187e-f2fb-4ff9-a861-a204f3fc0fb0"", ""description"": ""Cancer Biology articles that have been evaluated by eLife.""}"
a4ff5f5c-c61e-43fc-9f1c-68efcec66eec,ListCreated,2022-03-16 09:13:00,"{""name"": ""Developmental Biology"", ""listId"": ""1008fbbe-9d14-4737-808f-4170640df9cb"", ""ownerId"": ""group-id:b560187e-f2fb-4ff9-a861-a204f3fc0fb0"", ""description"": ""Developmental Biology articles that have been evaluated by eLife.""}"
07c78178-6fba-4a6e-9bca-1e9c4fa51137,ListCreated,2022-03-16 10:25:00,"{""name"": ""Ecology"", ""listId"": ""a9f35fb7-c2fe-4fde-af39-f7c79ea0a497"", ""ownerId"": ""group-id:b560187e-f2fb-4ff9-a861-a204f3fc0fb0"", ""description"": ""Ecology articles that have been evaluated by eLife.""}"
722a50cb-f214-4736-bb6c-3488d968e000,ListCreated,2022-03-17 09:06:00,"{""name"": ""Epidemiology and Global Health"", ""listId"": ""0453b3c1-d58e-429f-8c1e-588ccc646113"", ""ownerId"": ""group-id:b560187e-f2fb-4ff9-a861-a204f3fc0fb0"", ""description"": ""Epidemiology and Global Health articles that have been evaluated by eLife.""}"
3417404c-a17a-4bd4-ad45-de9e67be0b46,ListCreated,2022-03-17 09:07:00,"{""name"": ""Evolutionary Biology"", ""listId"": ""5146099b-22e0-4589-9f16-10586e08ca4b"", ""ownerId"": ""group-id:b560187e-f2fb-4ff9-a861-a204f3fc0fb0"", ""description"": ""Evolutionary Biology articles that have been evaluated by eLife.""}"
69001af0-3a64-4ccd-b2d2-63639d21d9b1,ListCreated,2022-03-18 09:14:00,"{""name"": ""Genetics and Genomics"", ""listId"": ""890bf35a-c3da-413a-8cdb-864b7ce91a51"", ""ownerId"": ""group-id:b560187e-f2fb-4ff9-a861-a204f3fc0fb0"", ""description"": ""Genetics and Genomics articles that have been evaluated by eLife.""}"
cbe9e69e-7f07-42ae-ab97-e00b090148bd,ListCreated,2022-03-18 10:00:00,"{""name"": ""Immunology and Inflammation"", ""listId"": ""b4acc6f3-bf15-4add-ab1f-bc72a8a3da7f"", ""ownerId"": ""group-id:b560187e-f2fb-4ff9-a861-a204f3fc0fb0"", ""description"": ""Immunology and Inflammation articles that have been evaluated by eLife.""}"
e4bc865a-0e42-4524-891d-7a233fc7e780,ListCreated,2022-03-18 10:13:00,"{""name"": ""Microbiology and Infectious Disease"", ""listId"": ""db62bf5b-bcd4-42eb-bd99-e7a37283041d"", ""ownerId"": ""group-id:b560187e-f2fb-4ff9-a861-a204f3fc0fb0"", ""description"": ""Microbiology and Infectious Disease articles that have been evaluated by eLife.""}"
34a08dc5-4796-4f8e-be68-604d0dca841f,ListCreated,2022-03-18 10:20:00,"{""name"": ""Molecular Biology"", ""listId"": ""708b4836-0adf-4326-844f-fdf8ef816402"", ""ownerId"": ""group-id:b560187e-f2fb-4ff9-a861-a204f3fc0fb0"", ""description"": ""Molecular Biology articles that have been evaluated by eLife.""}"
6b8d8df6-a008-4746-9ec5-b17d0f1ab90b,ListCreated,2022-03-18 10:38:00,"{""name"": ""Pharmacology and Toxicology"", ""listId"": ""84577aec-a4ab-4c61-8c2e-b799a3918350"", ""ownerId"": ""group-id:b560187e-f2fb-4ff9-a861-a204f3fc0fb0"", ""description"": ""Pharmacology and Toxicology articles that have been evaluated by eLife.""}"
29e38f5c-aeab-44b9-b496-02c6589999ad,ListCreated,2022-03-18 10:49:00,"{""name"": ""Physiology"", ""listId"": ""57a4fa09-d9f5-466d-8038-ea9d29603aef"", ""ownerId"": ""group-id:b560187e-f2fb-4ff9-a861-a204f3fc0fb0"", ""description"": ""Physiology articles that have been evaluated by eLife.""}"
95b5485d-4247-458a-b9b7-41cdd723e29a,ListCreated,2022-03-21 09:35:00,"{""name"": ""Plant Biology"", ""listId"": ""205415a7-b409-4ded-ada2-3116c953c4c2"", ""ownerId"": ""group-id:b560187e-f2fb-4ff9-a861-a204f3fc0fb0"", ""description"": ""Plant Biology articles that have been evaluated by eLife.""}"
8b829489-8c39-40ab-8a5a-29d1f75bbdcf,ListCreated,2022-03-21 09:43:00,"{""name"": ""Scientific Communication and Education"", ""listId"": ""d3d30687-62ee-4bb6-8723-f8d49dab7882"", ""ownerId"": ""group-id:b560187e-f2fb-4ff9-a861-a204f3fc0fb0"", ""description"": ""Scientific Communication and Education articles that have been evaluated by eLife.""}"
892babce-0bab-4a16-a264-6933f87e3872,ListCreated,2022-03-21 09:50:00,"{""name"": ""Synthetic Biology"", ""listId"": ""c743bc3d-955a-4e97-b897-5e423ef0d3bc"", ""ownerId"": ""group-id:b560187e-f2fb-4ff9-a861-a204f3fc0fb0"", ""description"": ""Synthetic Biology articles that have been evaluated by eLife.""}"
cb5962e3-d549-45cb-bea3-2ba6260e69b1,ListCreated,2022-03-21 09:56:00,"{""name"": ""Zoology"", ""listId"": ""86a14824-8a48-4194-b75a-efbca28b90ae"", ""ownerId"": ""group-id:b560187e-f2fb-4ff9-a861-a204f3fc0fb0"", ""description"": ""Zoology articles that have been evaluated by eLife.""}"
816c2320-ae4e-422d-850e-c0df0e93d8d8,ListCreated,2022-03-23 10:21:00,"{""name"": ""Evaluated articles"", ""listId"": ""5498e813-ddad-414d-88df-d1f84696cecd"", ""ownerId"": ""group-id:d6e1a913-76f8-40dc-9074-8eac033e1bc8"", ""description"": ""Articles that have been evaluated by GigaScience.""}"
a4ca5ce9-0be3-4dee-b4a6-d7d4e725cd96,ListCreated,2022-03-24 10:19:00,"{""name"": ""Evaluated articles"", ""listId"": ""794cb0bd-f784-4b58-afde-7427faced494"", ""ownerId"": ""group-id:f7a7aec3-8b1c-4b81-b098-f3f2e4eefe58"", ""description"": ""Articles that have been evaluated by GigaByte.""}"
3f9c5dd1-2d83-4ad0-85e0-b0b650974c09,ListCreated,2022-08-18 08:36:00,"{""name"": ""Evaluated articles"", ""listId"": ""f8459240-f79c-4bb2-bb55-b43eae25e4f6"", ""ownerId"": ""group-id:bc1f956b-12e8-4f5c-aadc-70f91347bd18"", ""description"": ""Articles that have been evaluated by Arcadia Science.""}"
5af71203-2f9c-4016-b695-27d727c0e980,UserCreatedAccount,2022-11-28 14:20:17.897,"{""handle"": ""scietyHQ"", ""userId"": ""1295307136415735808"", ""avatarUrl"": ""/static/images/sciety-logo.jpg"", ""displayName"": ""Sciety""}"
3bb93a14-78e0-46d9-a0f3-10f37a3c71c9,UserFollowedEditorialCommunity,2021-03-18 11:43:04.742,"{""userId"": ""1295307136415735808"", ""editorialCommunityId"": ""74fd66e9-3b90-4b5a-a4ab-5be83db4c5de""}"
9892b09a-3c92-4ff4-9fca-aa48071e337a,ListCreated,2022-10-21 11:00:00,"{""name"": ""Saved articles"", ""listId"": ""bcff0509-ad66-4868-a512-d762dd28f885"", ""ownerId"": ""user-id:1295307136415735808"", ""description"": ""Articles that have been saved by scietyHQ.""}"
7a66afef-4e9c-4c20-a978-be3a1770f93c,UserSavedArticle,2021-03-18 11:42:58.046,"{""userId"": ""1295307136415735808"", ""articleId"": ""doi:10.1101/2021.02.26.21252482""}"
b821752d-4339-449c-80bc-ab8c346092a3,ArticleAddedToList,2022-10-21T11:01:00,"{""listId"": ""bcff0509-ad66-4868-a512-d762dd28f885"", ""articleId"": ""doi:10.1101/2021.02.26.21252482""}"
12cedd73-5f46-4bd3-acab-7662ebcfc7be,UserSavedArticle,2021-03-18 11:43:01.028,"{""userId"": ""1295307136415735808"", ""articleId"": ""doi:10.1101/2020.12.21.20248619""}"
4ab12821-2860-4dc0-800a-4ebc6a13c117,ArticleAddedToList,2022-10-21T11:02:00,"{""listId"": ""bcff0509-ad66-4868-a512-d762dd28f885"", ""articleId"": ""doi:10.1101/2020.12.21.20248619""}"
7e8c1a49-82d0-427d-b2bc-e4861867d382,UserFollowedEditorialCommunity,2021-03-18 11:43:08.778,"{""userId"": ""1295307136415735808"", ""editorialCommunityId"": ""b90854bf-795c-42ba-8664-8257b9c68b0c""}"
1c53640b-8d42-4f73-ab01-df538d758574,EvaluationRecorded,2020-08-12T13:59:33Z,"{""authors"": [], ""groupId"": ""74fd66e9-3b90-4b5a-a4ab-5be83db4c5de"", ""articleId"": ""doi:10.1101/2022.12.15.520598"", ""publishedAt"": ""2020-01-10T00:00:00.000Z"", ""evaluationLocator"": ""doi:10.24072/pci.zool.100002""}"
914a76da-9205-483a-a627-3af2a6b50e6b,EvaluationRecorded,2020-08-12T13:59:33Z,"{""authors"": [], ""groupId"": ""74fd66e9-3b90-4b5a-a4ab-5be83db4c5de"", ""articleId"": ""doi:10.1101/653980"", ""publishedAt"": ""2020-07-01T00:00:00.000Z"", ""evaluationLocator"": ""doi:10.24072/pci.zool.100003""}"
2f3f888f-5e86-4f0a-b1f8-f2bc4d198541,EvaluationRecorded,2020-08-12T13:59:33Z,"{""authors"": [], ""groupId"": ""74fd66e9-3b90-4b5a-a4ab-5be83db4c5de"", ""articleId"": ""doi:10.1101/2019.12.20.884908"", ""publishedAt"": ""2020-07-22T00:00:00.000Z"", ""evaluationLocator"": ""doi:10.24072/pci.zool.100004""}"
5375d77e-6cfc-4101-889e-e0f6b4280e6f,ArticleAddedToList,2020-08-12T13:59:34,"{""listId"": ""a4d57b30-b41c-4c9d-81f0-dccd4cd1d099"", ""articleId"": ""doi:10.1101/722579""}"
bfb621b3-89e1-4011-b106-44b5eff9cb35,ArticleAddedToList,2020-08-12T13:59:35,"{""listId"": ""a4d57b30-b41c-4c9d-81f0-dccd4cd1d099"", ""articleId"": ""doi:10.1101/653980""}"
cd04cf37-f76e-4c90-a530-af5e05154f16,ArticleAddedToList,2020-08-12T13:59:36,"{""listId"": ""a4d57b30-b41c-4c9d-81f0-dccd4cd1d099"", ""articleId"": ""doi:10.1101/2019.12.20.884908""}"
58a4425c-14a7-4c17-9886-bf70f495c065,EvaluationRecorded,2020-08-13 09:24:14,"{""authors"": [], ""groupId"": ""316db7d9-88cc-4c26-b386-f067e0f56334"", ""articleId"": ""doi:10.1101/2022.12.15.520598"", ""publishedAt"": ""2020-05-14T10:17:19.128Z"", ""evaluationLocator"": ""hypothesis:F7e5QpXMEeqnbCM3UE6XLQ""}"
58459f8b-41cd-46d4-9a5d-86c34871ac41,EvaluationRecorded,2020-08-13 09:24:14,"{""authors"": [], ""groupId"": ""316db7d9-88cc-4c26-b386-f067e0f56334"", ""articleId"": ""doi:10.1101/646810"", ""publishedAt"": ""2020-05-14T10:17:18.874Z"", ""evaluationLocator"": ""hypothesis:F4-xmpXMEeqf3_-2H0r-9Q""}"
3dd7da48-aabb-41f3-a573-5d4f793a1eee,EvaluationRecorded,2020-08-13 09:24:14,"{""authors"": [], ""groupId"": ""316db7d9-88cc-4c26-b386-f067e0f56334"", ""articleId"": ""doi:10.1101/646810"", ""publishedAt"": ""2020-05-14T10:17:20.121Z"", ""evaluationLocator"": ""hypothesis:GFEW8JXMEeqJQcuc-6NFhQ""}"
f18236c2-b76e-49c1-8045-5ff71e0f3ddf,ArticleAddedToList,2020-08-13T09:24:15,"{""listId"": ""f3dbc188-e891-4586-b267-c99cf3b3808e"", ""articleId"": ""doi:10.1101/646810""}"
92d08ef2-bbfd-440e-b625-5d977d137f00,ArticleAddedToList,2021-11-25 12:00:37,"{""listId"": ""cbd478fe-3ff7-4125-ac9f-c94ff52ae0f7"", ""articleId"": ""doi:10.1101/2020.04.08.20058842""}"
68ba1d21-7668-4fc3-883c-8ab41c31162e,ArticleAddedToList,2021-11-25 12:00:36,"{""listId"": ""cbd478fe-3ff7-4125-ac9f-c94ff52ae0f7"", ""articleId"": ""doi:10.1101/2020.07.29.20164590""}"
0a485144-5015-402a-b41e-4cf4d82b1eee,ListCreated,2022-03-10 11:40:00,"{""listId"": ""2c369dbd-0174-45c2-aa88-b94184f7305a"", ""name"": ""Bogus list"", ""description"": ""Bogus description"", ""ownerId"": ""group-id:74fd66e9-3b90-4b5a-a4ab-5be83db4c5de""}"
c0ceaa7c-491a-46ce-ba9b-b34b6e29a25c,EvaluationRecorded,2022-05-16T10:09:33Z,"{""authors"": [], ""groupId"": ""4bbf0c12-629b-4bb8-91d6-974f4df8efb2"", ""articleId"": ""doi:10.1101/002303"", ""publishedAt"": ""2022-05-16T00:00:00.000Z"", ""evaluationLocator"": ""hypothesis:wz7_ttT8Eeyc59sR5LnfrA""}"
a1ce190c-97c2-40ad-984e-9384b8c765bf,ListCreated,2022-09-19 16:11:02.162,"{""name"": ""@BiophysicsColab's saved articles"", ""listId"": ""454ba80f-e0bc-47ed-ba76-c8f872c303d2"", ""ownerId"": ""user-id:1384541806231175172"", ""description"": ""Articles that are being read by Biophysics Colab.""}"
ff9d7c4f-db5b-4688-a442-ee5ac9d28ce0,ListCreated,2022-10-07 10:46:17.549,"{""name"": ""@AvasthiReading's saved articles"", ""listId"": ""dcc7c864-6630-40e7-8eeb-9fb6f012e92b"", ""ownerId"": ""user-id:1412019815619911685"", ""description"": ""See what researchers at Prachee Avasthi's lab are reading to discover some interesting new work.""}"
5bcd210a-179c-4f4a-a68e-cd6f40983c20,ListCreated,2023-01-06 15:02:06.811,"{""name"": ""@LSE_Angela's saved articles"", ""listId"": ""154c0659-5310-4dcc-9da3-1de24d99a542"", ""ownerId"": ""user-id:991777251543793665"", ""description"": ""Articles that have been saved by @LSE_Angela""}"
b9deafab-fa9a-498b-934d-5ccaca5edbf8,UserFollowedEditorialCommunity,2021-03-18 11:43:04.742,"{""userId"": ""1295307136415735808"", ""editorialCommunityId"": ""ba6327db-d783-49a4-af23-deece25d4053""}"
cb89bf91-b757-4321-b6ba-9b47848dbfe7,ArticleAddedToList,2023-03-26 13:50:37.341,"{""listId"": ""154c0659-5310-4dcc-9da3-1de24d99a542"", ""articleId"": ""doi:10.1101/2023.03.19.533333""}"
8b010e87-235d-4175-8b4e-cf0620f418a0,EvaluationRecorded,2022-05-16T10:09:33Z,"{""authors"": [], ""groupId"": ""b560187e-f2fb-4ff9-a861-a204f3fc0fb0"", ""articleId"": ""doi:10.1101/2022.02.23.481615"", ""publishedAt"": ""2022-05-16T00:00:00.000Z"", ""evaluationLocator"": ""hypothesis:YSEnWoeKEe2O2nN67bYvsA""}"
24473652-1caa-423d-8e9e-b150102bd82d,EvaluationRecorded,2022-05-16T10:09:33Z,"{""authors"": [], ""groupId"": ""4bbf0c12-629b-4bb8-91d6-974f4df8efb2"", ""articleId"": ""doi:10.1101/2022.02.23.481615"", ""publishedAt"": ""2022-05-16T00:00:00.000Z"", ""evaluationLocator"": ""hypothesis:TfCA6maDEe2zm3_n3MyxjA""}"
e5f1d0de-d7ad-4cad-a4a1-bf6dbea8dd4e,CurationStatementRecorded,2023-06-12 09:09:08.145,"{""groupId"": ""b560187e-f2fb-4ff9-a861-a204f3fc0fb0"", ""articleId"": ""doi:10.1101/2022.02.23.481615"", ""evaluationLocator"": ""hypothesis:YSEnWoeKEe2O2nN67bYvsA""}"
d887e0ea-e387-4046-b958-c57c374fa4de,CurationStatementRecorded,2023-06-12 09:08:48.302,"{""groupId"": ""4bbf0c12-629b-4bb8-91d6-974f4df8efb2"", ""articleId"": ""doi:10.1101/2022.02.23.481615"", ""evaluationLocator"": ""hypothesis:TfCA6maDEe2zm3_n3MyxjA""}"
15c2b189-cb57-4827-907a-9bbc6c708383,GroupDetailsUpdated,2023-07-06 14:12:36.754,"{""groupId"": ""b560187e-f2fb-4ff9-a861-a204f3fc0fb0"", ""largeLogoPath"": ""/static/images/article-page/elife-logo-sm.svg""}"
03672e2a-904f-43fb-9929-06deb8587c1c,GroupDetailsUpdated,2023-07-06 14:14:00.532,"{""groupId"": ""f7a7aec3-8b1c-4b81-b098-f3f2e4eefe58"", ""largeLogoPath"": ""/static/images/home-page/gigabyte.png""}"
12b7c44d-7dff-4074-a803-beeb53a6c91c,GroupDetailsUpdated,2023-07-07 09:36:02.729,"{""groupId"": ""f97bd177-5cb6-4296-8573-078318755bf2"", ""largeLogoPath"": ""/static/images/home-page/prelights.svg""}"
f40fec5b-684e-479d-ae99-38f458225a17,GroupDetailsUpdated,2023-07-07 09:36:54.751,"{""groupId"": ""316db7d9-88cc-4c26-b386-f067e0f56334"", ""largeLogoPath"": ""/static/groups/large-logos/logo-Review_Commons-colour-RGB-cutout.png""}"
f4eb2bb4-77dc-425f-ad29-059685b55589,GroupDetailsUpdated,2023-07-07 09:37:45.426,"{""groupId"": ""50401e46-b764-47b7-8557-6bb35444b7c8"", ""largeLogoPath"": ""/static/images/home-page/asapbio.png""}"
564daed7-9996-496c-8571-2bc3132ddfcd,GroupDetailsUpdated,2023-07-07 09:38:20.484,"{""groupId"": ""5142a5bc-6b18-42b1-9a8d-7342d7d17e94"", ""largeLogoPath"": ""/static/images/home-page/rrid.png""}"
038bcd3a-e2f0-4e29-9d35-f13fe30672fd,GroupDetailsUpdated,2023-07-07 09:39:10.488,"{""groupId"": ""bc1f956b-12e8-4f5c-aadc-70f91347bd18"", ""largeLogoPath"": ""/static/images/home-page/arcadia-science.svg""}"
7327df18-bcee-4094-ad68-de48c7b4a76c,GroupDetailsUpdated,2023-08-08 13:00:00.000,"{""groupId"": ""74fd66e9-3b90-4b5a-a4ab-5be83db4c5de"", ""largeLogoPath"": ""/static/groups/large-logos/PCI-zoology.png""}"
