f6916a6b-59fc-4c40-809e-021797321fe9,GroupJoined,2020-04-27 09:00:00,"{""name"": ""PREreview"", ""slug"": ""prereview"", ""groupId"": ""10360d97-bf52-4aef-b2fa-2f60d319edd7"", ""homepage"": ""https://prereview.org/"", ""avatarPath"": ""/static/groups/prereview-community--10360d97-bf52-4aef-b2fa-2f60d319edd7.jpg"", ""descriptionPath"": ""prereview-community--10360d97-bf52-4aef-b2fa-2f60d319edd7.md"", ""shortDescription"": ""PREreview's mission is to bring more diversity to scholarly peer review by supporting and empowering community of researchers, particularly those at early stages of their career (ECRs) to review preprints.""}"
b0f4d4aa-cd6b-4130-a735-590ffd0d6e55,ListCreated,2020-04-27 10:00:00,"{""name"": ""Evaluated articles"", ""listId"": ""5c2e4b99-f5f0-4145-8c87-cadd7a41a1b1"", ""ownerId"": ""group-id:10360d97-bf52-4aef-b2fa-2f60d319edd7"", ""description"": ""Articles that have been evaluated by PREreview.""}"
a157b3a0-fd45-4551-a5ea-c0866f4fb178,GroupJoined,2020-08-12 13:53:54,"{""name"": ""PeerJ"", ""slug"": ""peerj"", ""groupId"": ""53ed5364-a016-11ea-bb37-0242ac130002"", ""homepage"": ""https://peerj.com/"", ""avatarPath"": ""/static/groups/peerj--53ed5364-a016-11ea-bb37-0242ac130002.jpg"", ""descriptionPath"": ""peerj--53ed5364-a016-11ea-bb37-0242ac130002.md"", ""shortDescription"": ""PeerJ is an open access publisher of 7 peer-reviewed journals, and an editorial community of over 2000 Academic Editors and Advisors, and tens of thousands of authors and reviewers.""}"
afdf76f7-e54b-4abb-b15b-0ea3b2e3f4eb,ListCreated,2020-08-12 13:53:55,"{""name"": ""Evaluated articles"", ""listId"": ""f981342c-bf38-4dc8-9569-acda5878c07b"", ""ownerId"": ""group-id:53ed5364-a016-11ea-bb37-0242ac130002"", ""description"": ""Articles that have been evaluated by PeerJ.""}"
afaa29c1-09e1-4dcc-8b23-047f3c7d4add,GroupJoined,2020-08-12 13:59:29,"{""name"": ""eLife"", ""slug"": ""elife"", ""groupId"": ""b560187e-f2fb-4ff9-a861-a204f3fc0fb0"", ""homepage"": ""https://elifesciences.org/"", ""avatarPath"": ""/static/groups/elife--b560187e-f2fb-4ff9-a861-a204f3fc0fb0.png"", ""descriptionPath"": ""elife--b560187e-f2fb-4ff9-a861-a204f3fc0fb0.md"", ""shortDescription"": ""eLife reviews selected preprints in all areas of biology and medicine.""}"
3069e440-725e-4871-b1df-a1bc55651644,GroupJoined,2020-08-12 13:59:30,"{""name"": ""Review Commons"", ""slug"": ""review-commons"", ""groupId"": ""316db7d9-88cc-4c26-b386-f067e0f56334"", ""homepage"": ""https://www.reviewcommons.org/"", ""avatarPath"": ""/static/groups/review-commons--316db7d9-88cc-4c26-b386-f067e0f56334.jpg"", ""descriptionPath"": ""review-commons--316db7d9-88cc-4c26-b386-f067e0f56334.md"", ""shortDescription"": ""Review Commons is a platform for high-quality journal-independent peer-review in the life sciences.""}"
dd01309f-7bbe-4bf4-8cfa-863d74a9350c,ListCreated,2020-08-12 13:59:30,"{""name"": ""Evaluated articles"", ""listId"": ""f1561c0f-d247-4e03-934d-52ad9e0aed2f"", ""ownerId"": ""group-id:b560187e-f2fb-4ff9-a861-a204f3fc0fb0"", ""description"": ""Articles that have been evaluated by eLife.""}"
8f21693a-1753-4cfc-9ae9-08a9b6d59189,ListCreated,2020-08-12 13:59:31,"{""name"": ""Evaluated articles"", ""listId"": ""f3dbc188-e891-4586-b267-c99cf3b3808e"", ""ownerId"": ""group-id:316db7d9-88cc-4c26-b386-f067e0f56334"", ""description"": ""Articles that have been evaluated by Review Commons.""}"
a59104d7-b44f-44c3-add6-13f532e1b5d1,GroupJoined,2020-08-12 13:59:31,"{""name"": ""Peer Community In Zoology"", ""slug"": ""pci-zoology"", ""groupId"": ""74fd66e9-3b90-4b5a-a4ab-5be83db4c5de"", ""homepage"": ""https://zool.peercommunityin.org/"", ""avatarPath"": ""/static/groups/pci-zoology--74fd66e9-3b90-4b5a-a4ab-5be83db4c5de.jpg"", ""descriptionPath"": ""pci-zoology--74fd66e9-3b90-4b5a-a4ab-5be83db4c5de.md"", ""shortDescription"": ""Free and transparent preprint peer-review and recommendation by and for researchers in Zoology.""}"
7aed726a-38cc-4fc6-bdc6-ddffee121997,ListCreated,2020-08-12 13:59:32,"{""name"": ""Evaluated articles"", ""listId"": ""a4d57b30-b41c-4c9d-81f0-dccd4cd1d099"", ""ownerId"": ""group-id:74fd66e9-3b90-4b5a-a4ab-5be83db4c5de"", ""description"": ""Articles that have been evaluated by Peer Community In Zoology.""}"
2f03ffe0-7893-43bd-aaf5-4546ea2edf97,GroupJoined,2020-08-17 12:07:08,"{""name"": ""Peer Community in Evolutionary Biology"", ""slug"": ""pci-evolutionary-biology"", ""groupId"": ""19b7464a-edbe-42e8-b7cc-04d1eb1f7332"", ""homepage"": ""https://evolbiol.peercommunityin.org/"", ""avatarPath"": ""/static/groups/pci-evolutionary-biology--19b7464a-edbe-42e8-b7cc-04d1eb1f7332.jpg"", ""descriptionPath"": ""pci-evolutionary-biology--19b7464a-edbe-42e8-b7cc-04d1eb1f7332.md"", ""shortDescription"": ""Free and transparent preprint peer-review and recommendation by and for researchers in Evolutionary Biology.""}"
d631d806-dfba-4d74-8333-b406b9aa6317,ListCreated,2020-08-17 12:07:09,"{""name"": ""Evaluated articles"", ""listId"": ""3d69f9e5-6fd2-4266-9cf8-c069bca79617"", ""ownerId"": ""group-id:19b7464a-edbe-42e8-b7cc-04d1eb1f7332"", ""description"": ""Articles that have been evaluated by Peer Community in Evolutionary Biology.""}"
52401786-9fd9-4295-9514-9552183b75c7,GroupJoined,2020-08-17 12:56:38,"{""name"": ""Peer Community in Ecology"", ""slug"": ""pci-ecology"", ""groupId"": ""32025f28-0506-480e-84a0-b47ef1e92ec5"", ""homepage"": ""https://ecology.peercommunityin.org/"", ""avatarPath"": ""/static/groups/pci-ecology--32025f28-0506-480e-84a0-b47ef1e92ec5.jpg"", ""descriptionPath"": ""pci-ecology--32025f28-0506-480e-84a0-b47ef1e92ec5.md"", ""shortDescription"": ""Free and transparent preprint peer-review and recommendation by and for researchers in Ecology.""}"
9797f4af-765f-4444-9397-ff8c7df76174,GroupJoined,2020-08-17 12:56:39,"{""name"": ""Peer Community in Animal Science"", ""slug"": ""pci-animal-science"", ""groupId"": ""4eebcec9-a4bb-44e1-bde3-2ae11e65daaa"", ""homepage"": ""https://animsci.peercommunityin.org/"", ""avatarPath"": ""/static/groups/pci-animal-science--4eebcec9-a4bb-44e1-bde3-2ae11e65daaa.png"", ""descriptionPath"": ""pci-animal-science--4eebcec9-a4bb-44e1-bde3-2ae11e65daaa.md"", ""shortDescription"": ""Free and transparent preprint peer-review and recommendation by and for researchers in Animal Science.""}"
5739a8c5-82a4-40be-b62e-10b90a3c4648,ListCreated,2020-08-17 12:56:39,"{""name"": ""Evaluated articles"", ""listId"": ""65f661e6-73f9-43e9-9ae6-a84635afb79a"", ""ownerId"": ""group-id:32025f28-0506-480e-84a0-b47ef1e92ec5"", ""description"": ""Articles that have been evaluated by Peer Community in Ecology.""}"
5027341e-b559-4fe4-aa82-cb404fcfc58e,ListCreated,2020-08-17 12:56:40,"{""name"": ""Evaluated articles"", ""listId"": ""e764d90c-ffea-4b0e-a63e-d2b5236aa1ed"", ""ownerId"": ""group-id:4eebcec9-a4bb-44e1-bde3-2ae11e65daaa"", ""description"": ""Articles that have been evaluated by Peer Community in Animal Science.""}"
f34a27a1-7a8e-4689-95e2-41e09a8f24fc,GroupJoined,2020-08-17 12:56:40,"{""name"": ""Peer Community in Paleontology"", ""slug"": ""pci-paleontology"", ""groupId"": ""7a9e97d1-c1fe-4ac2-9572-4ecfe28f9f84"", ""homepage"": ""https://paleo.peercommunityin.org/"", ""avatarPath"": ""/static/groups/pci-paleontology--7a9e97d1-c1fe-4ac2-9572-4ecfe28f9f84.jpg"", ""descriptionPath"": ""pci-paleontology--7a9e97d1-c1fe-4ac2-9572-4ecfe28f9f84.md"", ""shortDescription"": ""Free and transparent preprint peer-review and recommendation by and for researchers in Paleontology.""}"
049769e5-13ee-47e2-933a-1b7341676c2e,ListCreated,2020-08-17 12:56:41,"{""name"": ""Evaluated articles"", ""listId"": ""dd9d166f-6d25-432c-a60f-6df33ca86897"", ""ownerId"": ""group-id:7a9e97d1-c1fe-4ac2-9572-4ecfe28f9f84"", ""description"": ""Articles that have been evaluated by Peer Community in Paleontology.""}"
680ce216-d236-4584-8fae-a4d0893d575d,GroupJoined,2020-11-20 09:00:00,"{""name"": ""ScreenIT"", ""slug"": ""screenit"", ""groupId"": ""8ccea9c2-e6c8-4dd7-bf1d-37c3fa86ff65"", ""homepage"": ""https://sciscore.com/"", ""avatarPath"": ""/static/groups/screenit--8ccea9c2-e6c8-4dd7-bf1d-37c3fa86ff65.png"", ""descriptionPath"": ""screenit--8ccea9c2-e6c8-4dd7-bf1d-37c3fa86ff65.md"", ""shortDescription"": ""The Automated Screening Working Groups is a group of software engineers and biologists passionate about improving scientific manuscripts on a large scale. Our members have created tools that check for common problems in scientific manuscripts, including information needed to improve transparency and reproducibility. We have combined our tools into a single pipeline, called ScreenIT. We're currently using our tools to screen COVID preprints.""}"
974a3190-6543-4c03-a0c1-955be6395981,ListCreated,2020-11-20 10:00:00,"{""name"": ""Evaluated articles"", ""listId"": ""e9606e0e-8fdb-4336-a24a-cc6547d7d950"", ""ownerId"": ""group-id:8ccea9c2-e6c8-4dd7-bf1d-37c3fa86ff65"", ""description"": ""Articles that have been evaluated by ScreenIT.""}"
d2121ebd-378c-4d36-9fc1-a74a5aefbf29,GroupJoined,2021-01-05 11:43:07,"{""name"": ""preLights"", ""slug"": ""prelights"", ""groupId"": ""f97bd177-5cb6-4296-8573-078318755bf2"", ""homepage"": ""https://prelights.biologists.com/"", ""avatarPath"": ""/static/groups/prelights--f97bd177-5cb6-4296-8573-078318755bf2.jpg"", ""descriptionPath"": ""prelights--f97bd177-5cb6-4296-8573-078318755bf2.md"", ""shortDescription"": ""preLights is a community initiative supported by The Company of Biologists.""}"
aef15576-8f6c-41f1-a3c7-4c057bd90c86,ListCreated,2021-01-05 11:43:08,"{""name"": ""Evaluated articles"", ""listId"": ""f4b96b8b-db49-4b41-9c5b-28d66a83cd70"", ""ownerId"": ""group-id:f97bd177-5cb6-4296-8573-078318755bf2"", ""description"": ""Articles that have been evaluated by preLights.""}"
a5dedd3e-74c0-4484-a89c-020056fdde2c,GroupJoined,2021-02-18 10:28:53,"{""name"": ""NCRC"", ""slug"": ""ncrc"", ""groupId"": ""62f9b0d0-8d43-4766-a52a-ce02af61bc6a"", ""homepage"": ""https://ncrc.jhsph.edu/"", ""avatarPath"": ""/static/groups/ncrc--62f9b0d0-8d43-4766-a52a-ce02af61bc6a.jpg"", ""descriptionPath"": ""ncrc--62f9b0d0-8d43-4766-a52a-ce02af61bc6a.md"", ""shortDescription"": ""The 2019 Novel Coronavirus Research Compendium (NCRC) is a centralized, publicly available resource that rapidly curates and reviews the emerging scientific evidence about SARS-CoV-2 and COVID-19. Our goal is to provide accurate, relevant information for global public health action by clinicians, public health practitioners, and policy makers.""}"
84bf45a3-0b1e-4a8b-a685-0a63c21acca9,ListCreated,2021-02-18 10:28:54,"{""name"": ""Evaluated articles"", ""listId"": ""4654fd6e-cb00-458f-967b-348b41804927"", ""ownerId"": ""group-id:62f9b0d0-8d43-4766-a52a-ce02af61bc6a"", ""description"": ""Articles that have been evaluated by NCRC.""}"
6b274657-2e34-4e6c-88ac-f20935636dc3,GroupJoined,2021-05-13 14:33:27,"{""name"": ""Rapid Reviews COVID-19"", ""slug"": ""rapid-reviews-covid-19"", ""groupId"": ""5142a5bc-6b18-42b1-9a8d-7342d7d17e94"", ""homepage"": ""https://rapidreviewscovid19.mitpress.mit.edu/"", ""avatarPath"": ""/static/groups/rapid-reviews-covid-19--5142a5bc-6b18-42b1-9a8d-7342d7d17e94.png"", ""descriptionPath"": ""rapid-reviews-covid-19--5142a5bc-6b18-42b1-9a8d-7342d7d17e94.md"", ""shortDescription"": ""Rapid Reviews: COVID-19 is an open-access overlay journal that seeks to accelerate peer review of COVID-19-related research and prevent the dissemination of false or misleading scientific news.""}"
c1341853-8b2c-4cac-b036-8c4739f7a247,ListCreated,2021-05-13 14:33:28,"{""name"": ""Evaluated articles"", ""listId"": ""49e589f1-531d-4447-92b6-e60b6d1c705e"", ""ownerId"": ""group-id:5142a5bc-6b18-42b1-9a8d-7342d7d17e94"", ""description"": ""Articles that have been evaluated by Rapid Reviews COVID-19.""}"
642aa98e-4c1e-4258-85fc-f9c55c11be53,GroupJoined,2021-06-29 08:13:14,"{""name"": ""Biophysics Colab"", ""slug"": ""biophysics-colab"", ""groupId"": ""4bbf0c12-629b-4bb8-91d6-974f4df8efb2"", ""homepage"": ""https://biophysics.sciencecolab.org"", ""avatarPath"": ""/static/groups/biophysics-colab--4bbf0c12-629b-4bb8-91d6-974f4df8efb2.png"", ""descriptionPath"": ""biophysics-colab--4bbf0c12-629b-4bb8-91d6-974f4df8efb2.md"", ""shortDescription"": ""Biophysics Colab is a collaboration of biophysicists who are working in partnership with eLife to improve the way in which original research is evaluated. We aim to drive forward the principles of open science by providing an equitable, inclusive, and transparent environment for peer review. Our ambition is to facilitate a publishing ecosystem in which the significance of research is recognised independently of publication venue.""}"
1b34e50e-8c49-42f2-b986-19fb2e0be8a2,GroupJoined,2021-06-29 08:13:15,"{""name"": ""ASAPbio crowd review"", ""slug"": ""asapbio-crowd-review"", ""groupId"": ""50401e46-b764-47b7-8557-6bb35444b7c8"", ""homepage"": ""https://asapbio.org/about-us"", ""avatarPath"": ""/static/groups/asapbio-crowd-review--50401e46-b764-47b7-8557-6bb35444b7c8.png"", ""descriptionPath"": ""asapbio-crowd-review--50401e46-b764-47b7-8557-6bb35444b7c8.md"", ""shortDescription"": ""We promote the productive use of preprints for research dissemination and transparent peer review and feedback on all research outputs.""}"
5b2d7342-1155-4c04-ac12-b5b6545a9ea6,ListCreated,2021-06-29 08:13:15,"{""name"": ""Evaluated articles"", ""listId"": ""ee7e738a-a1f1-465b-807c-132d273ca952"", ""ownerId"": ""group-id:4bbf0c12-629b-4bb8-91d6-974f4df8efb2"", ""description"": ""Articles that have been evaluated by Biophysics Colab.""}"
07220dbc-33db-4702-98fa-40b2863495ee,ListCreated,2021-06-29 08:13:16,"{""name"": ""Evaluated articles"", ""listId"": ""dc83aa3b-1691-4356-b697-4257d31a27dc"", ""ownerId"": ""group-id:50401e46-b764-47b7-8557-6bb35444b7c8"", ""description"": ""Articles that have been evaluated by ASAPbio crowd review.""}"
c6d243d1-c02e-4ebc-8590-d378f2ebfdc3,GroupJoined,2021-06-29 08:13:16,"{""name"": ""Peer Community in Archaeology"", ""slug"": ""pci-archaeology"", ""groupId"": ""b90854bf-795c-42ba-8664-8257b9c68b0c"", ""homepage"": ""https://archaeo.peercommunityin.org/"", ""avatarPath"": ""/static/groups/pci-archaeology--b90854bf-795c-42ba-8664-8257b9c68b0c.jpg"", ""descriptionPath"": ""pci-archaeology--b90854bf-795c-42ba-8664-8257b9c68b0c.md"", ""shortDescription"": ""Free and transparent preprint peer-review and recommendation by and for researchers in Archaeology.""}"
d0a0f092-ddfd-46f0-8ccd-b69a1d252084,ListCreated,2021-06-29 08:13:17,"{""name"": ""Evaluated articles"", ""listId"": ""24a60cf9-5f45-43f2-beaf-04139e6f0a0e"", ""ownerId"": ""group-id:b90854bf-795c-42ba-8664-8257b9c68b0c"", ""description"": ""Articles that have been evaluated by Peer Community in Archaeology.""}"
895a2d62-8c9d-492e-86d7-b244377c9103,ListCreated,2021-11-22 15:09:00,"{""name"": ""Endorsed articles"", ""listId"": ""5ac3a439-e5c6-4b15-b109-92928a740812"", ""ownerId"": ""group-id:4bbf0c12-629b-4bb8-91d6-974f4df8efb2"", ""description"": ""Articles that have been endorsed by Biophysics Colab.""}"
45808b66-7a47-4112-a212-7b10aebfca2b,ListCreated,2021-11-24 00:00:00,"{""name"": ""High interest articles"", ""listId"": ""cbd478fe-3ff7-4125-ac9f-c94ff52ae0f7"", ""ownerId"": ""group-id:62f9b0d0-8d43-4766-a52a-ce02af61bc6a"", ""description"": ""Articles that have been identified as high interest by NCRC editors.""}"
8d536f23-8a88-4b01-9676-2ea39b06d8af,GroupJoined,2021-12-02 10:06:41,"{""name"": ""Peer Community in Neuroscience"", ""slug"": ""pci-neuroscience"", ""groupId"": ""af792cd3-1600-465c-89e5-250c48f793aa"", ""homepage"": ""https://neuro.peercommunityin.org/"", ""avatarPath"": ""/static/groups/pci-neuroscience--af792cd3-1600-465c-89e5-250c48f793aa.png"", ""descriptionPath"": ""pci-neuroscience--af792cd3-1600-465c-89e5-250c48f793aa.md"", ""shortDescription"": ""Free and transparent preprint peer-review and recommendation by and for researchers in Neuroscience.""}"
abd1fe9e-8fb8-4f81-ab69-63b402c29410,ListCreated,2021-12-02 10:28:00,"{""name"": ""Evaluated articles"", ""listId"": ""f2ce72ba-a982-4156-ab34-4a536bd86cb7"", ""ownerId"": ""group-id:af792cd3-1600-465c-89e5-250c48f793aa"", ""description"": ""Articles that have been evaluated by Peer Community in Neuroscience.""}"
57353e92-1918-4260-a462-711f19bd1342,GroupJoined,2022-01-20 09:41:00,"{""name"": ""PeerRef"", ""slug"": ""peerref"", ""groupId"": ""b5f31635-d32b-4df9-92a5-0325a1524343"", ""homepage"": ""https://www.peerref.com/"", ""avatarPath"": ""/static/groups/peerref--b5f31635-d32b-4df9-92a5-0325a1524343.png"", ""descriptionPath"": ""peerref--b5f31635-d32b-4df9-92a5-0325a1524343.md"", ""shortDescription"": ""PeerRef is a journal-independent open peer review platform for all research.""}"
7badc744-21ec-4e54-a6e4-17aacbdc6078,ListCreated,2022-01-20 09:41:01,"{""name"": ""Evaluated articles"", ""listId"": ""c5cf299c-2097-4f3d-b362-2475d7bd35cd"", ""ownerId"": ""group-id:b5f31635-d32b-4df9-92a5-0325a1524343"", ""description"": ""Articles that have been evaluated by PeerRef.""}"
19ddc0ff-dbf1-4c59-820f-c5a6143afd2a,ListCreated,2022-02-01 13:14:00,"{""name"": ""Medicine"", ""listId"": ""c7237468-aac1-4132-9598-06e9ed68f31d"", ""ownerId"": ""group-id:b560187e-f2fb-4ff9-a861-a204f3fc0fb0"", ""description"": ""Medicine articles that have been evaluated by eLife.""}"
a6d2d6f6-d423-4df9-9319-fe5c5ee8cb87,ListCreated,2022-02-09 09:43:00,"{""name"": ""Cell Biology"", ""listId"": ""cb15ef21-944d-44d6-b415-a3d8951e9e8b"", ""ownerId"": ""group-id:b560187e-f2fb-4ff9-a861-a204f3fc0fb0"", ""description"": ""Cell Biology articles that have been evaluated by eLife.""}"
8bd78cbf-6c42-4c64-928b-8671bde739fe,ListCreated,2022-03-03 09:25:00,"{""name"": ""Neuroscience"", ""listId"": ""3253c905-8083-4f3d-9e1f-0a8085e64ee5"", ""ownerId"": ""group-id:b560187e-f2fb-4ff9-a861-a204f3fc0fb0"", ""description"": ""Neuroscience articles that have been evaluated by eLife.""}"
7a3c8c1b-58d5-4fcc-aaf6-f8d052725fc0,ListCreated,2022-03-10 09:10:00,"{""name"": ""Biochemistry and Chemical Biology"", ""listId"": ""3792ee73-6a7d-4c54-b6ee-0abc18cb8bc4"", ""ownerId"": ""group-id:b560187e-f2fb-4ff9-a861-a204f3fc0fb0"", ""description"": ""Biochemistry and Chemical Biology articles that have been evaluated by eLife.""}"
55eff1f6-aa79-4a51-8c8b-fd2cde1656a4,ListCreated,2022-03-11 09:09:00,"{""name"": ""Structural Biology and Molecular Biophysics"", ""listId"": ""a059f20a-366d-4790-b1f2-03bfb9b915b6"", ""ownerId"": ""group-id:b560187e-f2fb-4ff9-a861-a204f3fc0fb0"", ""description"": ""Structural Biology and Molecular Biophysics articles that have been evaluated by eLife.""}"
8c9408b9-cac5-4ecb-8ac3-0751a5551f7d,ListCreated,2022-03-11 10:06:00,"{""name"": ""Computational and Systems Biology"", ""listId"": ""c9efbf2e-8d20-4a9a-b407-c25d185b4939"", ""ownerId"": ""group-id:b560187e-f2fb-4ff9-a861-a204f3fc0fb0"", ""description"": ""Computational and Systems Biology articles that have been evaluated by eLife.""}"
3c597be9-44ab-463d-b3b2-71a70c701166,ListCreated,2022-03-14 10:39:00,"{""name"": ""Bioengineering"", ""listId"": ""b2b55ddd-c0f2-4406-b304-b744af989e72"", ""ownerId"": ""group-id:b560187e-f2fb-4ff9-a861-a204f3fc0fb0"", ""description"": ""Bioengineering articles that have been evaluated by eLife.""}"
5fa97d8d-a251-46a1-9e2e-9ac3af27410f,ListCreated,2022-03-15 09:07:00,"{""name"": ""Cancer Biology"", ""listId"": ""977cec9b-7ff6-4cf5-a487-30f0cc544cdb"", ""ownerId"": ""group-id:b560187e-f2fb-4ff9-a861-a204f3fc0fb0"", ""description"": ""Cancer Biology articles that have been evaluated by eLife.""}"
a4ff5f5c-c61e-43fc-9f1c-68efcec66eec,ListCreated,2022-03-16 09:13:00,"{""name"": ""Developmental Biology"", ""listId"": ""1008fbbe-9d14-4737-808f-4170640df9cb"", ""ownerId"": ""group-id:b560187e-f2fb-4ff9-a861-a204f3fc0fb0"", ""description"": ""Developmental Biology articles that have been evaluated by eLife.""}"
07c78178-6fba-4a6e-9bca-1e9c4fa51137,ListCreated,2022-03-16 10:25:00,"{""name"": ""Ecology"", ""listId"": ""a9f35fb7-c2fe-4fde-af39-f7c79ea0a497"", ""ownerId"": ""group-id:b560187e-f2fb-4ff9-a861-a204f3fc0fb0"", ""description"": ""Ecology articles that have been evaluated by eLife.""}"
722a50cb-f214-4736-bb6c-3488d968e000,ListCreated,2022-03-17 09:06:00,"{""name"": ""Epidemiology and Global Health"", ""listId"": ""0453b3c1-d58e-429f-8c1e-588ccc646113"", ""ownerId"": ""group-id:b560187e-f2fb-4ff9-a861-a204f3fc0fb0"", ""description"": ""Epidemiology and Global Health articles that have been evaluated by eLife.""}"
3417404c-a17a-4bd4-ad45-de9e67be0b46,ListCreated,2022-03-17 09:07:00,"{""name"": ""Evolutionary Biology"", ""listId"": ""5146099b-22e0-4589-9f16-10586e08ca4b"", ""ownerId"": ""group-id:b560187e-f2fb-4ff9-a861-a204f3fc0fb0"", ""description"": ""Evolutionary Biology articles that have been evaluated by eLife.""}"
69001af0-3a64-4ccd-b2d2-63639d21d9b1,ListCreated,2022-03-18 09:14:00,"{""name"": ""Genetics and Genomics"", ""listId"": ""890bf35a-c3da-413a-8cdb-864b7ce91a51"", ""ownerId"": ""group-id:b560187e-f2fb-4ff9-a861-a204f3fc0fb0"", ""description"": ""Genetics and Genomics articles that have been evaluated by eLife.""}"
cbe9e69e-7f07-42ae-ab97-e00b090148bd,ListCreated,2022-03-18 10:00:00,"{""name"": ""Immunology and Inflammation"", ""listId"": ""b4acc6f3-bf15-4add-ab1f-bc72a8a3da7f"", ""ownerId"": ""group-id:b560187e-f2fb-4ff9-a861-a204f3fc0fb0"", ""description"": ""Immunology and Inflammation articles that have been evaluated by eLife.""}"
e4bc865a-0e42-4524-891d-7a233fc7e780,ListCreated,2022-03-18 10:13:00,"{""name"": ""Microbiology and Infectious Disease"", ""listId"": ""db62bf5b-bcd4-42eb-bd99-e7a37283041d"", ""ownerId"": ""group-id:b560187e-f2fb-4ff9-a861-a204f3fc0fb0"", ""description"": ""Microbiology and Infectious Disease articles that have been evaluated by eLife.""}"
34a08dc5-4796-4f8e-be68-604d0dca841f,ListCreated,2022-03-18 10:20:00,"{""name"": ""Molecular Biology"", ""listId"": ""708b4836-0adf-4326-844f-fdf8ef816402"", ""ownerId"": ""group-id:b560187e-f2fb-4ff9-a861-a204f3fc0fb0"", ""description"": ""Molecular Biology articles that have been evaluated by eLife.""}"
6b8d8df6-a008-4746-9ec5-b17d0f1ab90b,ListCreated,2022-03-18 10:38:00,"{""name"": ""Pharmacology and Toxicology"", ""listId"": ""84577aec-a4ab-4c61-8c2e-b799a3918350"", ""ownerId"": ""group-id:b560187e-f2fb-4ff9-a861-a204f3fc0fb0"", ""description"": ""Pharmacology and Toxicology articles that have been evaluated by eLife.""}"
29e38f5c-aeab-44b9-b496-02c6589999ad,ListCreated,2022-03-18 10:49:00,"{""name"": ""Physiology"", ""listId"": ""57a4fa09-d9f5-466d-8038-ea9d29603aef"", ""ownerId"": ""group-id:b560187e-f2fb-4ff9-a861-a204f3fc0fb0"", ""description"": ""Physiology articles that have been evaluated by eLife.""}"
95b5485d-4247-458a-b9b7-41cdd723e29a,ListCreated,2022-03-21 09:35:00,"{""name"": ""Plant Biology"", ""listId"": ""205415a7-b409-4ded-ada2-3116c953c4c2"", ""ownerId"": ""group-id:b560187e-f2fb-4ff9-a861-a204f3fc0fb0"", ""description"": ""Plant Biology articles that have been evaluated by eLife.""}"
8b829489-8c39-40ab-8a5a-29d1f75bbdcf,ListCreated,2022-03-21 09:43:00,"{""name"": ""Scientific Communication and Education"", ""listId"": ""d3d30687-62ee-4bb6-8723-f8d49dab7882"", ""ownerId"": ""group-id:b560187e-f2fb-4ff9-a861-a204f3fc0fb0"", ""description"": ""Scientific Communication and Education articles that have been evaluated by eLife.""}"
892babce-0bab-4a16-a264-6933f87e3872,ListCreated,2022-03-21 09:50:00,"{""name"": ""Synthetic Biology"", ""listId"": ""c743bc3d-955a-4e97-b897-5e423ef0d3bc"", ""ownerId"": ""group-id:b560187e-f2fb-4ff9-a861-a204f3fc0fb0"", ""description"": ""Synthetic Biology articles that have been evaluated by eLife.""}"
cb5962e3-d549-45cb-bea3-2ba6260e69b1,ListCreated,2022-03-21 09:56:00,"{""name"": ""Zoology"", ""listId"": ""86a14824-8a48-4194-b75a-efbca28b90ae"", ""ownerId"": ""group-id:b560187e-f2fb-4ff9-a861-a204f3fc0fb0"", ""description"": ""Zoology articles that have been evaluated by eLife.""}"
0657317d-f6e9-4972-bf9c-051b50fcbbe6,GroupJoined,2022-03-23 09:40:00,"{""name"": ""GigaScience"", ""slug"": ""gigascience"", ""groupId"": ""d6e1a913-76f8-40dc-9074-8eac033e1bc8"", ""homepage"": ""https://gigasciencejournal.com"", ""avatarPath"": ""/static/groups/gigascience--d6e1a913-76f8-40dc-9074-8eac033e1bc8.png"", ""descriptionPath"": ""gigascience--d6e1a913-76f8-40dc-9074-8eac033e1bc8.md"", ""shortDescription"": ""GigaScience is an open access, open data, open peer-review journal focusing on ‘big data’ research from the life and biomedical sciences.""}"
816c2320-ae4e-422d-850e-c0df0e93d8d8,ListCreated,2022-03-23 10:21:00,"{""name"": ""Evaluated articles"", ""listId"": ""5498e813-ddad-414d-88df-d1f84696cecd"", ""ownerId"": ""group-id:d6e1a913-76f8-40dc-9074-8eac033e1bc8"", ""description"": ""Articles that have been evaluated by GigaScience.""}"
0574b494-608f-4ecb-beed-170bc3f7adff,GroupJoined,2022-03-24 10:03:00,"{""name"": ""GigaByte"", ""slug"": ""gigabyte"", ""groupId"": ""f7a7aec3-8b1c-4b81-b098-f3f2e4eefe58"", ""homepage"": ""https://gigabytejournal.com/"", ""avatarPath"": ""/static/groups/gigabyte--f7a7aec3-8b1c-4b81-b098-f3f2e4eefe58.png"", ""descriptionPath"": ""gigabyte--f7a7aec3-8b1c-4b81-b098-f3f2e4eefe58.md"", ""shortDescription"": ""GigaByte is an open access and open science journal published by GigaScience Press, BGI's Open Access and Open Data Publishing division. As with our sister-journal GigaScience— we publish ALL reusable and shareable research objects, such as data, software tools and workflows, from data-driven research.""}"
a4ca5ce9-0be3-4dee-b4a6-d7d4e725cd96,ListCreated,2022-03-24 10:19:00,"{""name"": ""Evaluated articles"", ""listId"": ""794cb0bd-f784-4b58-afde-7427faced494"", ""ownerId"": ""group-id:f7a7aec3-8b1c-4b81-b098-f3f2e4eefe58"", ""description"": ""Articles that have been evaluated by GigaByte.""}"
961bca44-f365-4bed-a140-e44d09efc8d5,GroupJoined,2022-08-17 13:43:00,"{""name"": ""Arcadia Science"", ""slug"": ""arcadia-science"", ""groupId"": ""bc1f956b-12e8-4f5c-aadc-70f91347bd18"", ""homepage"": ""https://www.arcadiascience.com"", ""avatarPath"": ""/static/groups/arcadia-science--bc1f956b-12e8-4f5c-aadc-70f91347bd18.png"", ""descriptionPath"": ""arcadia-science--bc1f956b-12e8-4f5c-aadc-70f91347bd18.md"", ""shortDescription"": ""Arcadia Science is a research and development company pursuing emerging organisms and innovating in research, commercialization, and open scientific communication.""}"
3f9c5dd1-2d83-4ad0-85e0-b0b650974c09,ListCreated,2022-08-18 08:36:00,"{""name"": ""Evaluated articles"", ""listId"": ""f8459240-f79c-4bb2-bb55-b43eae25e4f6"", ""ownerId"": ""group-id:bc1f956b-12e8-4f5c-aadc-70f91347bd18"", ""description"": ""Articles that have been evaluated by Arcadia Science.""}"
f429a6b2-0538-4204-b4f4-74388f189b35,GroupJoined,2022-09-29 10:23:14,"{""name"": ""ASAPbio-SciELO Preprint crowd review"", ""slug"": ""asapbio-scielo-preprint-crowd-review"", ""groupId"": ""36fbf532-ed07-4573-87fd-b0e22ee49827"", ""homepage"": ""https://asapbio.org/crowd-preprint-review"", ""avatarPath"": ""/static/groups/asapbio-scielo-preprint-crowd-review.png"", ""descriptionPath"": ""asapbio-scielo-preprint-crowd-review.md"", ""shortDescription"": ""O ASAPbio promove o uso produtivo de preprints para divulgação da pesquisa e avaliação por pares transparente e feedback sobre todos os resultados da pesquisa. SciELO Preprints é um servidor de preprints multilingue e multi-disciplinar gerenciado pelo Programa SciELO.""}"
475e441a-f1fb-47e5-a564-85ccae8198b7,ListCreated,2022-09-29 10:28:14,"{""name"": ""Evaluated articles"", ""listId"": ""f524583f-ab45-4f07-8b44-6b0767b2d79a"", ""ownerId"": ""group-id:36fbf532-ed07-4573-87fd-b0e22ee49827"", ""description"": ""Articles that have been evaluated by ASAPbio-SciELO Preprint crowd review.""}"
ccd86fcb-42eb-4987-8dcc-c012e9952e26,EvaluatedArticlesListSpecified,2023-02-02 10:41:47.067,"{""listId"": ""98d5852a-cbbb-4deb-841a-516ec8c61461"", ""groupId"": ""1480d2dd-463f-4834-8e81-d89c8ae2b86f""}"
90a4ef73-9ede-463f-92aa-ffed0e187eaf,GroupJoined,2023-02-02 10:41:47.067,"{""name"": ""Life Science Editors"", ""slug"": ""life-science-editors"", ""groupId"": ""1480d2dd-463f-4834-8e81-d89c8ae2b86f"", ""homepage"": ""https://www.lifescienceeditors.com"", ""avatarPath"": ""/static/groups/life-science-editors--1480d2dd-463f-4834-8e81-d89c8ae2b86f.jpg"", ""descriptionPath"": ""life-science-editors--1480d2dd-463f-4834-8e81-d89c8ae2b86f.md"", ""shortDescription"": ""Life Science Editors is a group of former journal editors and grant specialists who are passionate about helping scientists and science reach their full potential.""}"
406c89c3-ef6a-467b-a61a-21b324e900dc,ListCreated,2023-02-02 10:41:47.067,"{""name"": ""Evaluated articles"", ""listId"": ""98d5852a-cbbb-4deb-841a-516ec8c61461"", ""ownerId"": ""group-id:1480d2dd-463f-4834-8e81-d89c8ae2b86f"", ""description"": ""Articles that have been evaluated by Life Science Editors""}"
1d8f827f-bc5f-4e64-85b8-a99ed8cd35c0,ListCreated,2023-02-03 11:14:55.098,"{""name"": ""Evaluated articles"", ""listId"": ""55026c6d-0dc2-46c0-96c1-e0c944c404ed"", ""ownerId"": ""group-id:1e6f6b49-2a9b-417e-831b-8cee5af033bd"", ""description"": ""Articles that have been evaluated by The Unjournal""}"
992518d7-69e3-4385-8512-2050bf10a21f,GroupJoined,2023-02-03 11:14:55.098,"{""name"": ""The Unjournal"", ""slug"": ""the-unjournal"", ""groupId"": ""1e6f6b49-2a9b-417e-831b-8cee5af033bd"", ""homepage"": ""https://bit.ly/eaunjournal"", ""avatarPath"": ""/static/groups/the-unjournal--1e6f6b49-2a9b-417e-831b-8cee5af033bd.png"", ""descriptionPath"": ""the-unjournal--1e6f6b49-2a9b-417e-831b-8cee5af033bd.md"", ""shortDescription"": ""The Unjournal organizes and commissions journal-independent public evaluation & quantified rating of global-priorities-relevant research in social science and economics.""}"
3fe41054-86a6-48cf-9e93-38506f574dc9,EvaluatedArticlesListSpecified,2023-02-03 11:14:55.098,"{""listId"": ""55026c6d-0dc2-46c0-96c1-e0c944c404ed"", ""groupId"": ""1e6f6b49-2a9b-417e-831b-8cee5af033bd""}"
f51af285-d4e8-4108-bfaa-6b254e4b1721,GroupJoined,2023-03-07 11:41:19.751,"{""name"": ""Life Science Editors Foundation"", ""slug"": ""life-science-editors-foundation"", ""groupId"": ""f2c9eafa-6e24-4549-819c-09179e642b08"", ""homepage"": ""https://lifescienceeditors.org/"", ""avatarPath"": ""https://raw.githubusercontent.com/sciety/group-static-files/main/life-science-editors-foundation.png"", ""descriptionPath"": ""life-science-editors-foundation--f2c9eafa-6e24-4549-819c-09179e642b08.md"", ""shortDescription"": ""The Life Science Editors Foundation aims to increase representation and eliminate inequity in the scientific community.""}"
f7bcbaaa-be37-4a65-8512-d0e9711c64a4,EvaluatedArticlesListSpecified,2023-03-07 11:41:19.751,"{""listId"": ""3d4b6fb4-481a-47e8-9857-97ccdb14fdd0"", ""groupId"": ""f2c9eafa-6e24-4549-819c-09179e642b08""}"
4d9d10e8-06ad-4d17-92c8-9079051f2b70,ListCreated,2023-03-07 11:41:19.751,"{""name"": ""Evaluated articles"", ""listId"": ""3d4b6fb4-481a-47e8-9857-97ccdb14fdd0"", ""ownerId"": ""group-id:f2c9eafa-6e24-4549-819c-09179e642b08"", ""description"": ""Articles that have been evaluated by Life Science Editors Foundation""}"
